{"stats":{"minecraft:custom":{"minecraft:mob_kills":32,"minecraft:inspect_hopper":16,"minecraft:interact_with_crafting_table":59,"minecraft:bell_ring":2,"minecraft:leave_game":9,"minecraft:time_since_death":130489,"minecraft:sprint_one_cm":258006,"minecraft:walk_one_cm":508731,"minecraft:damage_blocked_by_shield":2250,"minecraft:drop":48,"minecraft:talked_to_villager":13,"minecraft:deaths":9,"minecraft:sneak_time":2770,"minecraft:walk_under_water_one_cm":9431,"minecraft:jump":2836,"minecraft:interact_with_blast_furnace":22,"minecraft:walk_on_water_one_cm":28205,"minecraft:interact_with_furnace":26,"minecraft:play_one_minute":267363,"minecraft:interact_with_stonecutter":1,"minecraft:sleep_in_bed":8,"minecraft:time_since_rest":7861,"minecraft:waystone_activated":1,"minecraft:damage_taken":5159,"minecraft:damage_dealt":5085,"minecraft:swim_one_cm":93239,"minecraft:fly_one_cm":859882,"minecraft:open_chest":47,"minecraft:crouch_one_cm":3141,"minecraft:interact_with_smoker":13,"minecraft:fall_one_cm":86332},"minecraft:killed":{"minecraft:spider":1,"alexsmobs:tasmanian_devil":1,"alexsmobs:rattlesnake":1,"minecraft:skeleton":7,"minecraft:husk":4,"alexsmobs:guster":4,"minecraft:pig":4,"minecraft:salmon":1,"minecraft:zombie":2,"alexsmobs:fly":1,"minecraft:cow":5},"minecraft:mined":{"minecraft:diamond_ore":2,"minecraft:farmland":23,"minecraft:granite":25,"minecraft:acacia_log":7,"minecraft:grass_block":10,"minecraft:composter":1,"minecraft:hopper":2,"minecraft:sandstone_stairs":2,"minecraft:redstone_ore":22,"minecraft:furnace":3,"minecraft:iron_ore":93,"minecraft:andesite":19,"supplementaries:stick":8,"minecraft:potatoes":31,"minecraft:green_carpet":6,"minecraft:smooth_sandstone_stairs":30,"minecraft:stone":383,"minecraft:jungle_trapdoor":4,"minecraft:melon_stem":2,"minecraft:smooth_sandstone":25,"minecraft:crafting_table":2,"minecraft:torch":11,"minecraft:blast_furnace":1,"minecraft:chest":1,"minecraft:dead_bush":3,"minecraft:cobblestone":5,"minecraft:tall_grass":37,"minecraft:lapis_ore":5,"minecraft:diorite":10,"minecraft:wall_torch":12,"minecraft:wheat":48,"minecraft:grass":114,"minecraft:oak_log":28,"minecraft:coal_ore":68,"minecraft:beetroots":16,"minecraft:gravel":3,"minecraft:sand":175,"minecraft:dirt":51,"minecraft:terracotta":1,"minecraft:gold_ore":22,"minecraft:oak_leaves":44},"minecraft:broken":{"minecraft:stone_pickaxe":1,"minecraft:iron_pickaxe":2,"minecraft:wooden_hoe":1,"minecraft:stone_shovel":1},"minecraft:crafted":{"minecraft:smooth_stone":3,"minecraft:oak_planks":80,"minecraft:stone_shovel":1,"minecraft:furnace":3,"minecraft:blast_furnace":1,"minecraft:stone":3,"minecraft:bone_meal":24,"minecraft:hopper":5,"minecraft:iron_boots":1,"minecraft:iron_axe":1,"minecraft:iron_hoe":1,"minecraft:stone_pickaxe":2,"minecraft:chest":7,"minecraft:smoker":1,"minecraft:coal_block":1,"minecraft:crafting_table":3,"travelersbackpack:backpack_tank":2,"minecraft:wooden_pickaxe":1,"minecraft:bucket":2,"minecraft:stone_axe":1,"minecraft:air":0,"minecraft:iron_chestplate":1,"minecraft:wooden_hoe":1,"minecraft:shield":1,"minecraft:stick":52,"minecraft:iron_ingot":36,"minecraft:iron_pickaxe":3,"minecraft:stone_sword":1,"minecraft:iron_shovel":1,"minecraft:iron_leggings":1,"minecraft:acacia_planks":28,"minecraft:torch":48},"minecraft:picked_up":{"minecraft:crafting_table":2,"minecraft:wheat":15,"minecraft:wooden_pickaxe":3,"alexsmobs:roadrunner_feather":1,"minecraft:shield":1,"minecraft:jungle_trapdoor":4,"minecraft:string":3,"minecraft:iron_shovel":2,"minecraft:beetroot":8,"minecraft:sea_pickle":2,"minecraft:beef":13,"minecraft:chest":1,"minecraft:furnace":3,"minecraft:stick":22,"minecraft:composter":1,"minecraft:torch":29,"minecraft:acacia_log":7,"minecraft:porkchop":6,"minecraft:diorite":3,"minecraft:redstone":87,"minecraft:arrow":9,"minecraft:rotten_flesh":28,"minecraft:beetroot_seeds":37,"minecraft:sandstone_stairs":2,"minecraft:cobblestone":348,"minecraft:andesite":18,"minecraft:salmon":1,"minecraft:leather":16,"minecraft:potato":75,"minecraft:smooth_sandstone_stairs":30,"minecraft:oak_log":32,"minecraft:lapis_lazuli":36,"minecraft:dirt":303,"minecraft:smooth_sandstone":25,"minecraft:bone":8,"minecraft:apple":2,"minecraft:bow":1,"minecraft:wheat_seeds":69,"minecraft:iron_ingot":49,"minecraft:iron_ore":180,"minecraft:oak_planks":19,"minecraft:dandelion":6,"minecraft:gravel":4,"minecraft:sand":180,"minecraft:blast_furnace":1,"minecraft:gold_ore":44,"minecraft:green_carpet":6,"minecraft:diamond":2,"minecraft:stone_axe":1,"minecraft:granite":19,"minecraft:bread":76,"minecraft:terracotta":2,"alexsmobs:maggot":5,"minecraft:oak_sapling":3,"minecraft:melon_seeds":4,"minecraft:coal":148,"minecraft:hopper":2},"minecraft:used":{"minecraft:stone_sword":100,"minecraft:iron_shovel":46,"minecraft:stone_shovel":135,"minecraft:chest":3,"minecraft:shield":30,"minecraft:rotten_flesh":6,"minecraft:torch":72,"minecraft:dirt":296,"minecraft:hopper":7,"minecraft:granite":1,"minecraft:iron_hoe":203,"alexsmobs:maggot":3,"minecraft:smooth_sandstone":4,"carryon:tile_item":2,"minecraft:oak_sapling":3,"minecraft:furnace":4,"minecraft:beetroot_seeds":11,"minecraft:cooked_beef":7,"minecraft:potato":105,"minecraft:wheat_seeds":47,"minecraft:water_bucket":12,"minecraft:sandstone_stairs":2,"minecraft:stone_pickaxe":203,"minecraft:wooden_pickaxe":19,"minecraft:sand":60,"minecraft:terracotta":1,"minecraft:crafting_table":5,"minecraft:blast_furnace":2,"minecraft:smoker":1,"minecraft:wooden_hoe":59,"minecraft:bread":28,"minecraft:iron_pickaxe":599,"minecraft:stone_axe":86,"minecraft:green_carpet":6,"minecraft:cobblestone":61,"minecraft:bucket":13,"alexsmobs:animal_dictionary":1,"minecraft:bone_meal":23},"minecraft:dropped":{"minecraft:bread":53,"minecraft:wheat_seeds":7,"minecraft:oak_log":4,"minecraft:leather":8,"minecraft:granite":17,"minecraft:stick":13,"minecraft:dirt":192,"minecraft:diorite":3,"minecraft:torch":4,"minecraft:sand":1,"minecraft:iron_shovel":2,"minecraft:string":1,"minecraft:dandelion":3,"minecraft:gravel":4,"minecraft:stone_axe":1,"alexsmobs:maggot":2,"minecraft:stone_sword":1,"minecraft:wheat":4,"minecraft:rotten_flesh":8,"minecraft:andesite":18,"minecraft:melon_seeds":1,"minecraft:wooden_pickaxe":4,"minecraft:terracotta":1},"minecraft:killed_by":{"minecraft:creeper":3,"minecraft:iron_golem":1,"minecraft:skeleton":1,"minecraft:zombie":2,"alexsmobs:grizzly_bear":1}},"DataVersion":2586}