{"stats":{"minecraft:custom":{"minecraft:interact_with_smithing_table":2,"minecraft:mob_kills":52,"minecraft:inspect_hopper":19,"minecraft:interact_with_crafting_table":66,"minecraft:bell_ring":2,"minecraft:leave_game":9,"minecraft:time_since_death":11117,"minecraft:climb_one_cm":1611,"minecraft:sprint_one_cm":300824,"minecraft:walk_one_cm":634002,"minecraft:damage_blocked_by_shield":2850,"minecraft:drop":56,"minecraft:talked_to_villager":13,"minecraft:deaths":26,"minecraft:sneak_time":7459,"minecraft:walk_under_water_one_cm":31644,"minecraft:jump":3562,"minecraft:interact_with_blast_furnace":23,"minecraft:walk_on_water_one_cm":38439,"minecraft:interact_with_furnace":28,"minecraft:play_one_minute":363363,"minecraft:interact_with_stonecutter":1,"minecraft:sleep_in_bed":10,"minecraft:time_since_rest":66,"minecraft:waystone_activated":1,"minecraft:damage_taken":10854,"minecraft:damage_dealt":7331,"minecraft:swim_one_cm":160492,"minecraft:fly_one_cm":1008331,"minecraft:open_chest":68,"minecraft:crouch_one_cm":13030,"minecraft:interact_with_smoker":20,"minecraft:fall_one_cm":110143},"minecraft:killed":{"minecraft:spider":1,"alexsmobs:tasmanian_devil":1,"alexsmobs:rattlesnake":1,"minecraft:skeleton":7,"alexsmobs:straddler":1,"minecraft:drowned":3,"minecraft:magma_cube":4,"minecraft:husk":7,"alexsmobs:guster":6,"minecraft:pig":6,"minecraft:salmon":1,"minecraft:sheep":3,"minecraft:zombie":2,"alexsmobs:fly":1,"minecraft:cow":5},"minecraft:mined":{"minecraft:diamond_ore":2,"minecraft:farmland":23,"minecraft:mossy_cobblestone":1,"minecraft:sea_lantern":1,"minecraft:granite":25,"minecraft:acacia_log":7,"minecraft:crimson_roots":2,"minecraft:weeping_vines":7,"minecraft:grass_block":11,"minecraft:spruce_leaves":5,"minecraft:crimson_fungus":6,"minecraft:kelp":1,"minecraft:composter":1,"minecraft:hopper":2,"minecraft:sandstone_stairs":2,"minecraft:weeping_vines_plant":12,"minecraft:tall_seagrass":2,"minecraft:magma_block":3,"minecraft:redstone_ore":22,"minecraft:glowstone":38,"minecraft:furnace":3,"minecraft:fire":7,"minecraft:iron_ore":93,"minecraft:andesite":19,"minecraft:shroomlight":6,"supplementaries:stick":8,"minecraft:potatoes":90,"minecraft:green_carpet":6,"minecraft:smooth_sandstone_stairs":30,"minecraft:stone":383,"minecraft:jungle_trapdoor":4,"minecraft:kelp_plant":4,"minecraft:melon_stem":2,"minecraft:crimson_nylium":1,"minecraft:basalt":13,"minecraft:smooth_sandstone":25,"minecraft:crafting_table":2,"minecraft:torch":11,"minecraft:blast_furnace":1,"minecraft:chest":1,"minecraft:dead_bush":3,"minecraft:cobblestone":17,"minecraft:tall_grass":37,"minecraft:lapis_ore":5,"minecraft:diorite":10,"minecraft:wall_torch":12,"minecraft:nether_wart_block":3,"minecraft:wheat":87,"minecraft:warped_fungus":1,"minecraft:grass":114,"minecraft:oak_log":28,"minecraft:coal_ore":68,"minecraft:beetroots":16,"minecraft:gravel":4,"minecraft:sand":179,"minecraft:dirt":54,"minecraft:terracotta":1,"minecraft:netherrack":33,"minecraft:gold_ore":22,"minecraft:oak_leaves":45},"minecraft:broken":{"minecraft:stone_pickaxe":1,"minecraft:iron_pickaxe":2,"minecraft:wooden_hoe":1,"minecraft:stone_shovel":1},"minecraft:crafted":{"minecraft:purple_wool":2,"minecraft:smooth_stone":3,"minecraft:oak_planks":80,"minecraft:stone_shovel":1,"comforts:sleeping_bag_white":1,"minecraft:furnace":3,"minecraft:blast_furnace":1,"minecraft:stone":3,"minecraft:bone_meal":24,"minecraft:hopper":5,"minecraft:iron_boots":1,"travelersbackpack:purple_sleeping_bag":1,"minecraft:iron_axe":1,"minecraft:iron_hoe":1,"minecraft:stone_pickaxe":2,"minecraft:chest":8,"minecraft:smoker":1,"minecraft:coal_block":1,"minecraft:crafting_table":3,"travelersbackpack:backpack_tank":2,"minecraft:wooden_pickaxe":1,"travelersbackpack:standard":1,"minecraft:bucket":2,"minecraft:stone_axe":1,"minecraft:air":0,"minecraft:iron_chestplate":1,"minecraft:wooden_hoe":1,"minecraft:shield":1,"minecraft:stick":52,"minecraft:iron_ingot":36,"minecraft:iron_pickaxe":3,"minecraft:stone_sword":1,"minecraft:iron_shovel":1,"minecraft:iron_leggings":1,"minecraft:acacia_planks":28,"minecraft:torch":48},"minecraft:picked_up":{"minecraft:crafting_table":2,"minecraft:wheat":17,"minecraft:wooden_pickaxe":3,"alexsmobs:roadrunner_feather":1,"minecraft:shield":1,"minecraft:jungle_trapdoor":4,"minecraft:string":3,"minecraft:iron_shovel":2,"minecraft:shroomlight":6,"minecraft:beetroot":8,"minecraft:sea_pickle":2,"alexsmobs:blood_sac":2,"minecraft:beef":13,"minecraft:chest":1,"minecraft:furnace":3,"minecraft:stick":22,"minecraft:composter":1,"minecraft:torch":29,"minecraft:acacia_log":7,"minecraft:porkchop":11,"minecraft:diorite":3,"minecraft:redstone":87,"minecraft:prismarine_crystals":3,"minecraft:weeping_vines":11,"minecraft:arrow":9,"minecraft:rotten_flesh":50,"minecraft:beetroot_seeds":37,"minecraft:sandstone_stairs":2,"minecraft:mutton":6,"minecraft:cod":1,"minecraft:white_wool":4,"minecraft:cobblestone":360,"minecraft:magma_block":3,"minecraft:purple_dye":2,"minecraft:basalt":9,"minecraft:magma_cream":1,"minecraft:andesite":18,"minecraft:salmon":1,"minecraft:leather":16,"minecraft:potato":226,"minecraft:crimson_fungus":4,"minecraft:smooth_sandstone_stairs":30,"minecraft:oak_log":32,"minecraft:nether_wart_block":3,"minecraft:lapis_lazuli":36,"minecraft:dirt":371,"minecraft:smooth_sandstone":25,"minecraft:bone":8,"minecraft:apple":2,"minecraft:kelp":13,"minecraft:bow":1,"minecraft:wheat_seeds":113,"minecraft:iron_ingot":49,"minecraft:iron_ore":180,"minecraft:glowstone_dust":100,"minecraft:oak_planks":19,"minecraft:warped_fungus":1,"minecraft:dandelion":6,"minecraft:gravel":5,"minecraft:sand":186,"minecraft:blast_furnace":1,"minecraft:gold_ore":44,"minecraft:green_carpet":6,"minecraft:mossy_cobblestone":1,"alexsmobs:guster_eye":3,"minecraft:diamond":2,"minecraft:stone_axe":1,"minecraft:granite":19,"minecraft:bread":76,"minecraft:terracotta":2,"alexsmobs:maggot":5,"minecraft:oak_sapling":3,"minecraft:netherrack":33,"minecraft:melon_seeds":4,"minecraft:coal":148,"minecraft:crimson_roots":2,"minecraft:hopper":2},"minecraft:used":{"minecraft:stone_sword":100,"minecraft:iron_shovel":46,"minecraft:stone_shovel":135,"minecraft:chest":3,"minecraft:shield":41,"minecraft:rotten_flesh":6,"minecraft:torch":72,"minecraft:dirt":339,"minecraft:hopper":7,"minecraft:granite":1,"minecraft:shroomlight":4,"minecraft:iron_hoe":239,"alexsmobs:maggot":3,"minecraft:iron_axe":104,"minecraft:smooth_sandstone":4,"carryon:entity_item":6,"minecraft:basalt":1,"carryon:tile_item":3,"minecraft:magma_block":1,"minecraft:oak_sapling":3,"minecraft:furnace":4,"minecraft:beetroot_seeds":11,"minecraft:cooked_beef":13,"minecraft:potato":213,"minecraft:wheat_seeds":54,"minecraft:water_bucket":15,"minecraft:sandstone_stairs":2,"minecraft:stone_pickaxe":203,"minecraft:baked_potato":8,"minecraft:wooden_pickaxe":19,"minecraft:sand":60,"minecraft:terracotta":1,"minecraft:crafting_table":5,"minecraft:blast_furnace":2,"minecraft:smoker":1,"minecraft:wooden_hoe":59,"minecraft:bread":28,"minecraft:iron_pickaxe":688,"minecraft:stone_axe":86,"minecraft:green_carpet":6,"travelersbackpack:standard":5,"minecraft:cobblestone":193,"minecraft:cooked_porkchop":5,"minecraft:bucket":19,"alexsmobs:animal_dictionary":1,"minecraft:bone_meal":23},"minecraft:dropped":{"minecraft:bread":53,"minecraft:wheat_seeds":7,"minecraft:oak_log":4,"minecraft:mossy_cobblestone":1,"minecraft:leather":8,"minecraft:granite":17,"minecraft:cod":1,"minecraft:stick":13,"minecraft:dirt":192,"minecraft:diorite":3,"minecraft:torch":4,"minecraft:bone_meal":1,"minecraft:sand":2,"minecraft:iron_shovel":2,"minecraft:string":1,"minecraft:dandelion":3,"minecraft:gravel":4,"minecraft:stone_axe":1,"alexsmobs:maggot":2,"minecraft:stone_sword":1,"minecraft:wheat":4,"minecraft:rotten_flesh":44,"alexsmobs:blood_sac":2,"minecraft:andesite":18,"minecraft:melon_seeds":1,"minecraft:wooden_pickaxe":4,"minecraft:terracotta":1},"minecraft:killed_by":{"minecraft:ghast":1,"alexsmobs:bone_serpent":2,"minecraft:creeper":3,"alexsmobs:straddler":5,"minecraft:iron_golem":1,"minecraft:drowned":1,"minecraft:magma_cube":1,"minecraft:skeleton":1,"minecraft:zombie":2,"alexsmobs:grizzly_bear":1}},"DataVersion":2586}