{"stats":{"minecraft:used":{"minecraft:stone_sword":98,"minecraft:chest":3,"minecraft:shield":30,"minecraft:rotten_flesh":6,"minecraft:torch":72,"minecraft:dirt":34,"minecraft:hopper":7,"minecraft:granite":1,"alexsmobs:maggot":3,"minecraft:smooth_sandstone":3,"carryon:tile_item":2,"minecraft:furnace":4,"minecraft:oak_sapling":3,"minecraft:beetroot_seeds":9,"minecraft:potato":43,"minecraft:sandstone_stairs":2,"minecraft:stone_pickaxe":203,"minecraft:wooden_pickaxe":19,"minecraft:sand":2,"minecraft:terracotta":1,"minecraft:crafting_table":5,"minecraft:blast_furnace":2,"minecraft:smoker":1,"minecraft:bread":26,"minecraft:iron_pickaxe":549,"minecraft:stone_axe":65,"minecraft:green_carpet":6,"minecraft:cobblestone":61,"alexsmobs:animal_dictionary":1,"minecraft:bone_meal":11},"minecraft:dropped":{"minecraft:bread":53,"minecraft:wheat_seeds":7,"minecraft:leather":8,"minecraft:granite":17,"minecraft:stick":13,"minecraft:diorite":3,"minecraft:torch":4,"minecraft:sand":1,"minecraft:string":1,"minecraft:dandelion":3,"minecraft:gravel":4,"alexsmobs:maggot":2,"minecraft:wheat":4,"minecraft:rotten_flesh":8,"minecraft:andesite":18,"minecraft:melon_seeds":1,"minecraft:wooden_pickaxe":4,"minecraft:terracotta":1},"minecraft:mined":{"minecraft:diamond_ore":2,"minecraft:granite":25,"minecraft:acacia_log":7,"minecraft:grass_block":10,"minecraft:hopper":2,"minecraft:sandstone_stairs":2,"minecraft:redstone_ore":22,"minecraft:furnace":3,"minecraft:iron_ore":93,"minecraft:andesite":19,"minecraft:potatoes":22,"supplementaries:stick":8,"minecraft:green_carpet":6,"minecraft:stone":383,"minecraft:melon_stem":2,"minecraft:smooth_sandstone":8,"minecraft:crafting_table":2,"minecraft:torch":11,"minecraft:blast_furnace":1,"minecraft:chest":1,"minecraft:dead_bush":2,"minecraft:cobblestone":5,"minecraft:tall_grass":37,"minecraft:lapis_ore":5,"minecraft:diorite":10,"minecraft:wall_torch":12,"minecraft:wheat":42,"minecraft:grass":114,"minecraft:oak_log":23,"minecraft:coal_ore":68,"minecraft:beetroots":13,"minecraft:gravel":3,"minecraft:sand":14,"minecraft:dirt":26,"minecraft:terracotta":1,"minecraft:gold_ore":22,"minecraft:oak_leaves":43},"minecraft:picked_up":{"minecraft:crafting_table":2,"minecraft:wheat":9,"minecraft:wooden_pickaxe":3,"alexsmobs:roadrunner_feather":1,"minecraft:shield":1,"minecraft:string":3,"minecraft:beetroot":2,"minecraft:sea_pickle":2,"minecraft:beef":13,"minecraft:chest":1,"minecraft:furnace":3,"minecraft:stick":20,"minecraft:torch":29,"minecraft:acacia_log":7,"minecraft:porkchop":6,"minecraft:diorite":3,"minecraft:redstone":87,"minecraft:arrow":9,"minecraft:rotten_flesh":28,"minecraft:beetroot_seeds":14,"minecraft:sandstone_stairs":2,"minecraft:cobblestone":348,"minecraft:salmon":1,"minecraft:andesite":18,"minecraft:leather":16,"minecraft:potato":40,"minecraft:oak_log":23,"minecraft:lapis_lazuli":36,"minecraft:dirt":64,"minecraft:smooth_sandstone":8,"minecraft:bone":8,"minecraft:apple":2,"minecraft:bow":1,"minecraft:wheat_seeds":56,"minecraft:iron_ingot":49,"minecraft:iron_ore":180,"minecraft:oak_planks":19,"minecraft:dandelion":6,"minecraft:gravel":4,"minecraft:sand":15,"minecraft:blast_furnace":1,"minecraft:gold_ore":44,"minecraft:green_carpet":6,"minecraft:diamond":2,"minecraft:stone_axe":1,"minecraft:granite":19,"minecraft:bread":76,"alexsmobs:maggot":5,"minecraft:terracotta":2,"minecraft:oak_sapling":3,"minecraft:melon_seeds":4,"minecraft:coal":148,"minecraft:hopper":2},"minecraft:killed":{"minecraft:spider":1,"alexsmobs:tasmanian_devil":1,"alexsmobs:rattlesnake":1,"minecraft:skeleton":7,"minecraft:husk":4,"alexsmobs:guster":1,"minecraft:pig":4,"minecraft:salmon":1,"minecraft:zombie":2,"alexsmobs:fly":1,"minecraft:cow":5},"minecraft:custom":{"minecraft:mob_kills":29,"minecraft:inspect_hopper":11,"minecraft:interact_with_crafting_table":44,"minecraft:bell_ring":2,"minecraft:leave_game":7,"minecraft:time_since_death":34375,"minecraft:sprint_one_cm":218234,"minecraft:walk_one_cm":324957,"minecraft:damage_blocked_by_shield":2250,"minecraft:drop":40,"minecraft:talked_to_villager":11,"minecraft:deaths":9,"minecraft:sneak_time":2088,"minecraft:walk_under_water_one_cm":1444,"minecraft:jump":2423,"minecraft:interact_with_blast_furnace":21,"minecraft:walk_on_water_one_cm":21609,"minecraft:interact_with_furnace":24,"minecraft:play_one_minute":171249,"minecraft:interact_with_stonecutter":1,"minecraft:sleep_in_bed":3,"minecraft:time_since_rest":8581,"minecraft:waystone_activated":1,"minecraft:damage_taken":4545,"minecraft:damage_dealt":4585,"minecraft:swim_one_cm":2719,"minecraft:fly_one_cm":554756,"minecraft:open_chest":34,"minecraft:crouch_one_cm":2731,"minecraft:interact_with_smoker":9,"minecraft:fall_one_cm":70619},"minecraft:broken":{"minecraft:stone_pickaxe":1,"minecraft:iron_pickaxe":2},"minecraft:killed_by":{"minecraft:creeper":3,"minecraft:iron_golem":1,"minecraft:skeleton":1,"minecraft:zombie":2,"alexsmobs:grizzly_bear":1},"minecraft:crafted":{"minecraft:smooth_stone":3,"minecraft:oak_planks":60,"minecraft:furnace":3,"minecraft:blast_furnace":1,"minecraft:stone":3,"minecraft:bone_meal":24,"minecraft:hopper":5,"minecraft:iron_boots":1,"minecraft:stone_pickaxe":2,"minecraft:chest":7,"minecraft:smoker":1,"minecraft:coal_block":1,"minecraft:crafting_table":3,"travelersbackpack:backpack_tank":2,"minecraft:wooden_pickaxe":1,"minecraft:stone_axe":1,"minecraft:air":0,"minecraft:shield":1,"minecraft:stick":44,"minecraft:iron_ingot":36,"minecraft:iron_pickaxe":3,"minecraft:stone_sword":1,"minecraft:acacia_planks":28,"minecraft:torch":48}},"DataVersion":2586}