{"stats":{"minecraft:mined":{"minecraft:diamond_ore":2,"minecraft:farmland":23,"minecraft:mossy_cobblestone":1,"minecraft:sea_lantern":1,"minecraft:granite":25,"minecraft:acacia_log":7,"minecraft:grass_block":11,"minecraft:crimson_roots":2,"minecraft:weeping_vines":7,"minecraft:spruce_leaves":5,"minecraft:kelp":1,"minecraft:composter":1,"minecraft:crimson_fungus":6,"minecraft:hopper":2,"minecraft:sandstone":1,"minecraft:sandstone_stairs":4,"minecraft:tall_seagrass":2,"minecraft:weeping_vines_plant":12,"minecraft:redstone_ore":22,"minecraft:magma_block":3,"minecraft:glowstone":38,"minecraft:furnace":3,"minecraft:iron_ore":93,"minecraft:fire":7,"minecraft:andesite":19,"minecraft:potatoes":171,"supplementaries:stick":8,"minecraft:shroomlight":6,"minecraft:green_carpet":6,"minecraft:smooth_sandstone_stairs":30,"minecraft:stone":383,"minecraft:jungle_trapdoor":4,"minecraft:sandstone_slab":12,"minecraft:cut_sandstone":12,"minecraft:kelp_plant":4,"minecraft:melon_stem":2,"minecraft:crimson_nylium":1,"minecraft:basalt":13,"minecraft:smooth_sandstone":87,"minecraft:crafting_table":2,"minecraft:torch":11,"minecraft:blast_furnace":1,"minecraft:chest":1,"minecraft:dead_bush":17,"minecraft:tall_grass":37,"minecraft:cobblestone":17,"minecraft:lapis_ore":5,"minecraft:smooth_sandstone_slab":14,"minecraft:diorite":10,"minecraft:wall_torch":12,"minecraft:cactus":6,"minecraft:nether_wart_block":3,"minecraft:wheat":141,"minecraft:warped_fungus":1,"minecraft:grass":114,"minecraft:oak_log":28,"minecraft:coal_ore":68,"minecraft:beetroots":16,"minecraft:gravel":4,"minecraft:dirt":87,"minecraft:sand":708,"minecraft:terracotta":17,"minecraft:netherrack":33,"minecraft:gold_ore":22,"minecraft:oak_leaves":45},"minecraft:killed":{"minecraft:spider":2,"alexsmobs:tasmanian_devil":1,"alexsmobs:rattlesnake":1,"minecraft:skeleton":8,"alexsmobs:straddler":1,"minecraft:drowned":3,"minecraft:magma_cube":4,"minecraft:husk":15,"alexsmobs:guster":6,"minecraft:pig":6,"minecraft:salmon":1,"minecraft:sheep":3,"minecraft:zombie":5,"alexsmobs:fly":1,"minecraft:cow":5},"minecraft:broken":{"minecraft:iron_shovel":2,"minecraft:iron_boots":1,"minecraft:stone_pickaxe":1,"minecraft:iron_pickaxe":3,"minecraft:wooden_hoe":1,"minecraft:stone_shovel":1,"minecraft:iron_hoe":1},"minecraft:picked_up":{"minecraft:crafting_table":2,"minecraft:wheat":70,"minecraft:sandstone_slab":8,"minecraft:wooden_pickaxe":3,"alexsmobs:roadrunner_feather":1,"minecraft:shield":1,"minecraft:jungle_trapdoor":4,"minecraft:string":3,"minecraft:iron_shovel":2,"minecraft:shroomlight":6,"minecraft:beetroot":8,"minecraft:sea_pickle":2,"alexsmobs:blood_sac":2,"minecraft:beef":13,"minecraft:iron_pickaxe":1,"minecraft:chest":1,"minecraft:furnace":3,"minecraft:sandstone":1,"minecraft:stick":38,"minecraft:composter":1,"minecraft:torch":29,"minecraft:acacia_log":7,"minecraft:porkchop":11,"minecraft:diorite":3,"minecraft:redstone":87,"minecraft:prismarine_crystals":3,"minecraft:smooth_sandstone_slab":15,"minecraft:cactus":25,"minecraft:arrow":13,"minecraft:weeping_vines":11,"minecraft:rotten_flesh":62,"minecraft:beetroot_seeds":37,"minecraft:sandstone_stairs":4,"minecraft:mutton":6,"minecraft:cod":1,"minecraft:white_wool":4,"minecraft:cobblestone":360,"minecraft:magma_block":3,"minecraft:purple_dye":2,"minecraft:basalt":9,"minecraft:magma_cream":1,"minecraft:andesite":18,"minecraft:salmon":1,"minecraft:cut_sandstone":11,"minecraft:leather":16,"minecraft:potato":523,"minecraft:crimson_fungus":4,"minecraft:smooth_sandstone_stairs":30,"minecraft:oak_log":32,"minecraft:nether_wart_block":3,"minecraft:lapis_lazuli":36,"minecraft:dirt":395,"minecraft:smooth_sandstone":84,"minecraft:bone":14,"minecraft:apple":2,"minecraft:kelp":13,"minecraft:bow":1,"minecraft:wheat_seeds":262,"minecraft:iron_ingot":49,"minecraft:iron_ore":180,"minecraft:glowstone_dust":100,"minecraft:oak_planks":19,"minecraft:warped_fungus":1,"minecraft:dandelion":6,"minecraft:poisonous_potato":9,"minecraft:gravel":5,"minecraft:sand":756,"minecraft:blast_furnace":1,"minecraft:gold_ore":44,"minecraft:green_carpet":6,"minecraft:mossy_cobblestone":1,"alexsmobs:guster_eye":3,"minecraft:diamond":2,"minecraft:stone_axe":1,"minecraft:granite":19,"minecraft:bread":76,"minecraft:terracotta":18,"alexsmobs:maggot":5,"minecraft:oak_sapling":3,"minecraft:netherrack":33,"minecraft:melon_seeds":4,"minecraft:coal":148,"minecraft:hopper":2,"minecraft:crimson_roots":2},"minecraft:crafted":{"minecraft:purple_wool":2,"minecraft:smooth_stone":3,"minecraft:oak_planks":80,"minecraft:stone_shovel":1,"minecraft:cut_sandstone":252,"comforts:sleeping_bag_white":1,"minecraft:furnace":3,"minecraft:blast_furnace":1,"minecraft:stone":3,"minecraft:bone_meal":24,"minecraft:hopper":5,"minecraft:iron_boots":1,"travelersbackpack:purple_sleeping_bag":1,"minecraft:iron_axe":1,"minecraft:iron_hoe":2,"minecraft:stone_pickaxe":2,"minecraft:chest":8,"minecraft:smoker":1,"minecraft:coal_block":1,"minecraft:crafting_table":3,"travelersbackpack:backpack_tank":2,"minecraft:wooden_pickaxe":1,"travelersbackpack:standard":1,"minecraft:bucket":2,"minecraft:stone_axe":1,"minecraft:air":0,"minecraft:iron_chestplate":1,"minecraft:wooden_hoe":1,"minecraft:shield":1,"minecraft:stick":52,"minecraft:iron_ingot":45,"minecraft:iron_pickaxe":4,"minecraft:stone_sword":1,"minecraft:sandstone":252,"minecraft:iron_shovel":3,"minecraft:iron_leggings":1,"minecraft:acacia_planks":28,"minecraft:torch":48},"minecraft:dropped":{"minecraft:bread":53,"minecraft:wheat_seeds":7,"minecraft:oak_log":4,"minecraft:mossy_cobblestone":1,"minecraft:poisonous_potato":6,"minecraft:leather":8,"minecraft:granite":17,"minecraft:cod":1,"minecraft:stick":13,"minecraft:dirt":192,"minecraft:diorite":3,"minecraft:torch":4,"minecraft:bone_meal":1,"minecraft:sand":4,"minecraft:iron_pickaxe":1,"minecraft:iron_shovel":2,"minecraft:string":1,"minecraft:dandelion":3,"minecraft:gravel":4,"minecraft:stone_axe":1,"alexsmobs:maggot":2,"minecraft:stone_sword":1,"minecraft:wheat":4,"minecraft:rotten_flesh":47,"alexsmobs:blood_sac":2,"minecraft:shield":1,"minecraft:andesite":18,"minecraft:melon_seeds":1,"minecraft:wooden_pickaxe":4,"minecraft:terracotta":1},"minecraft:custom":{"minecraft:interact_with_smithing_table":2,"minecraft:mob_kills":65,"minecraft:inspect_hopper":21,"minecraft:interact_with_crafting_table":71,"minecraft:bell_ring":2,"minecraft:leave_game":10,"minecraft:time_since_death":63861,"minecraft:climb_one_cm":1611,"minecraft:sprint_one_cm":369830,"minecraft:walk_one_cm":820752,"minecraft:damage_blocked_by_shield":2850,"minecraft:drop":64,"minecraft:talked_to_villager":13,"minecraft:sneak_time":10945,"minecraft:deaths":27,"minecraft:walk_under_water_one_cm":31644,"minecraft:jump":4560,"minecraft:interact_with_blast_furnace":23,"minecraft:walk_on_water_one_cm":38738,"minecraft:interact_with_furnace":28,"minecraft:play_one_minute":464114,"minecraft:interact_with_stonecutter":1,"minecraft:sleep_in_bed":16,"minecraft:time_since_rest":42854,"minecraft:waystone_activated":1,"minecraft:damage_taken":12056,"minecraft:damage_dealt":9703,"minecraft:swim_one_cm":160492,"minecraft:player_kills":1,"minecraft:fly_one_cm":1259009,"minecraft:open_chest":74,"minecraft:crouch_one_cm":21675,"minecraft:interact_with_smoker":23,"minecraft:fall_one_cm":131268},"minecraft:used":{"minecraft:stone_sword":100,"minecraft:iron_shovel":605,"minecraft:stone_shovel":135,"minecraft:chest":3,"minecraft:shield":41,"minecraft:rotten_flesh":6,"minecraft:torch":72,"minecraft:dirt":391,"minecraft:hopper":7,"minecraft:granite":1,"minecraft:shroomlight":4,"alexsmobs:maggot":3,"minecraft:iron_hoe":293,"minecraft:iron_axe":156,"minecraft:smooth_sandstone":35,"carryon:entity_item":6,"minecraft:basalt":1,"carryon:tile_item":3,"minecraft:magma_block":1,"minecraft:oak_sapling":3,"minecraft:furnace":4,"minecraft:beetroot_seeds":11,"minecraft:cooked_beef":13,"minecraft:potato":379,"minecraft:wheat_seeds":216,"minecraft:water_bucket":15,"minecraft:sandstone_stairs":2,"minecraft:stone_pickaxe":203,"minecraft:baked_potato":30,"minecraft:wooden_pickaxe":19,"minecraft:sandstone":1,"minecraft:cut_sandstone":187,"minecraft:sand":289,"minecraft:terracotta":1,"minecraft:crafting_table":5,"minecraft:blast_furnace":2,"minecraft:smoker":1,"minecraft:wooden_hoe":59,"minecraft:bread":28,"minecraft:iron_pickaxe":810,"minecraft:stone_axe":86,"minecraft:green_carpet":6,"travelersbackpack:standard":5,"minecraft:cobblestone":193,"minecraft:cooked_porkchop":5,"minecraft:bucket":19,"alexsmobs:animal_dictionary":1,"minecraft:bone_meal":23},"minecraft:killed_by":{"minecraft:ghast":1,"alexsmobs:bone_serpent":2,"minecraft:player":1,"minecraft:creeper":3,"minecraft:iron_golem":1,"alexsmobs:straddler":5,"minecraft:drowned":1,"minecraft:magma_cube":1,"minecraft:skeleton":1,"minecraft:zombie":2,"alexsmobs:grizzly_bear":1}},"DataVersion":2586}