{"stats":{"minecraft:mined":{"comforts:rope_and_nail":11,"minecraft:brewing_stand":2,"minecraft:acacia_log":4,"minecraft:grass_block":51,"minecraft:magma_block":1,"minecraft:iron_ore":164,"supplementaries:stick":21,"minecraft:tripwire":4,"minecraft:orange_terracotta":1,"minecraft:torch":17,"minecraft:poppy":1,"minecraft:chest":3,"minecraft:dead_bush":20,"supplementaries:wild_flax":1,"minecraft:cobblestone":21,"minecraft:grindstone":1,"minecraft:sugar_cane":10,"minecraft:wall_torch":6,"minecraft:wheat":6,"minecraft:grass":230,"minecraft:oak_log":11,"minecraft:sand":70,"minecraft:dirt":15,"travelersbackpack:purple_sleeping_bag":1,"minecraft:oak_leaves":11,"minecraft:diamond_ore":9,"minecraft:hay_block":122,"minecraft:redstone_ore":8,"minecraft:furnace":1,"minecraft:andesite":3,"minecraft:gold_block":2,"minecraft:bookshelf":9,"minecraft:cobblestone_slab":4,"minecraft:stone":171,"minecraft:smithing_table":4,"comforts:sleeping_bag_purple":1,"travelersbackpack:standard":2,"minecraft:smooth_sandstone":14,"minecraft:crafting_table":13,"minecraft:cornflower":1,"minecraft:lectern":1,"minecraft:tall_grass":31,"minecraft:lapis_ore":6,"minecraft:diorite":8,"minecraft:lime_bed":2,"minecraft:cobblestone_wall":1,"minecraft:coal_ore":28,"minecraft:flower_pot":1,"minecraft:gravel":2,"minecraft:gold_ore":13},"minecraft:broken":{"minecraft:iron_boots":1,"minecraft:iron_leggings":1,"minecraft:stone_pickaxe":2,"minecraft:stone_axe":2,"minecraft:iron_sword":1,"minecraft:stone_sword":2,"minecraft:stone_hoe":1,"minecraft:shield":1,"minecraft:iron_helmet":1},"minecraft:killed":{"alexsmobs:lobster":1,"minecraft:spider":16,"minecraft:skeleton":17,"alexsmobs:straddler":10,"alexsmobs:kangaroo":8,"minecraft:magma_cube":10,"minecraft:pig":4,"alexsmobs:grizzly_bear":2,"minecraft:salmon":2,"minecraft:iron_golem":7,"minecraft:creeper":5,"minecraft:sheep":3,"minecraft:trader_llama":1,"minecraft:zombie":32,"alexsmobs:roadrunner":11,"alexsmobs:fly":14,"minecraft:cow":2,"alexsmobs:tarantula_hawk":3,"alexsmobs:raccoon":9,"alexsmobs:tasmanian_devil":4,"alexsmobs:rattlesnake":5,"minecraft:drowned":1,"minecraft:husk":16,"alexsmobs:guster":30,"minecraft:wandering_trader":1,"alexsmobs:emu":3,"alexsmobs:gazelle":3,"alexsmobs:crow":6,"minecraft:enderman":4},"minecraft:picked_up":{"minecraft:wheat":8,"minecraft:flower_pot":1,"minecraft:smithing_table":4,"minecraft:lead":2,"minecraft:enchanted_book":1,"minecraft:brewing_stand":4,"minecraft:string":29,"alexsmobs:blood_sac":7,"minecraft:gold_nugget":7,"alexsmobs:banana":1,"minecraft:bucket":1,"comforts:sleeping_bag_purple":2,"minecraft:cobblestone_slab":5,"minecraft:furnace":1,"minecraft:stick":57,"minecraft:torch":45,"minecraft:acacia_log":4,"minecraft:porkchop":10,"minecraft:diorite":8,"minecraft:rotten_flesh":58,"alexsmobs:emu_egg":1,"minecraft:cobblestone":254,"minecraft:magma_block":1,"minecraft:feather":11,"minecraft:magma_cream":1,"minecraft:water_bucket":1,"minecraft:andesite":12,"minecraft:acacia_leaves":1,"minecraft:potato":1,"alexsmobs:bear_fur":4,"supplementaries:flax_seeds":1,"alexsmobs:mosquito_larva":2,"minecraft:lapis_lazuli":44,"minecraft:dirt":83,"minecraft:bone":36,"minecraft:bow":2,"minecraft:wheat_seeds":48,"minecraft:grindstone":2,"minecraft:sand":196,"alexsmobs:animal_dictionary":2,"alexsmobs:kangaroo_hide":10,"alexsmobs:guster_eye":11,"minecraft:diamond":9,"alexsmobs:rattlesnake_rattle":2,"minecraft:granite":2,"alexsmobs:tarantula_hawk_wing_fragment":1,"minecraft:bone_meal":1,"minecraft:bread":85,"alexsmobs:maggot":19,"minecraft:oak_sapling":5,"minecraft:crafting_table":13,"minecraft:wooden_pickaxe":1,"alexsmobs:roadrunner_feather":4,"minecraft:gold_block":2,"minecraft:shield":1,"minecraft:cornflower":1,"minecraft:flint_and_steel":1,"minecraft:beef":6,"minecraft:poppy":7,"minecraft:lectern":1,"minecraft:sugar_cane":26,"minecraft:chest":5,"minecraft:egg":4,"alexsmobs:pocket_sand":1,"minecraft:sandstone":1,"alexsmobs:straddlite":2,"supplementaries:key":1,"minecraft:redstone":31,"minecraft:arrow":15,"minecraft:hay_block":128,"minecraft:gold_ingot":4,"minecraft:mutton":4,"alexsmobs:kangaroo_meat":9,"minecraft:white_wool":3,"minecraft:lime_bed":2,"minecraft:basalt":12,"minecraft:salmon":10,"minecraft:cut_sandstone":6,"minecraft:leather":7,"alexsmobs:acacia_blossom":1,"minecraft:oak_log":11,"minecraft:gunpowder":16,"minecraft:paper":26,"minecraft:orange_terracotta":1,"comforts:rope_and_nail":13,"minecraft:smooth_sandstone":26,"minecraft:iron_ingot":149,"minecraft:cobweb":1,"minecraft:iron_ore":268,"travelersbackpack:blank_upgrade":2,"minecraft:book":54,"minecraft:gravel":2,"minecraft:gold_ore":13,"travelersbackpack:purple_sleeping_bag":1,"minecraft:spider_eye":9,"travelersbackpack:standard":2,"minecraft:coal":70,"minecraft:ender_pearl":3},"minecraft:crafted":{"minecraft:oak_planks":44,"minecraft:cobblestone_slab":6,"minecraft:glass":12,"minecraft:iron_boots":2,"travelersbackpack:purple_sleeping_bag":1,"minecraft:chest":1,"minecraft:stone_hoe":2,"travelersbackpack:iron_tier_upgrade":1,"minecraft:crafting_table":1,"supplementaries:key":1,"minecraft:iron_helmet":2,"minecraft:wooden_pickaxe":1,"travelersbackpack:standard":1,"minecraft:iron_chestplate":2,"minecraft:paper":21,"minecraft:purple_dye":2,"minecraft:shield":2,"minecraft:stick":8,"comforts:rope_and_nail":2,"minecraft:iron_ingot":120,"minecraft:iron_pickaxe":1,"minecraft:stone_sword":2,"minecraft:gold_ingot":9,"minecraft:sandstone":1,"minecraft:purple_wool":2,"comforts:sleeping_bag_white":1,"minecraft:furnace":1,"travelersbackpack:blank_upgrade":4,"travelersbackpack:gold_tier_upgrade":1,"alexsmobs:pocket_sand":1,"minecraft:iron_axe":1,"minecraft:stone_pickaxe":2,"minecraft:wheat":1147,"minecraft:red_dye":1,"minecraft:cooked_cod":4,"travelersbackpack:backpack_tank":2,"minecraft:iron_sword":2,"minecraft:cooked_salmon":8,"minecraft:bucket":1,"minecraft:stone_axe":3,"comforts:sleeping_bag_purple":1,"minecraft:bread":391,"minecraft:air":0,"minecraft:blue_dye":1,"minecraft:white_wool":3,"minecraft:gold_nugget":9,"minecraft:iron_leggings":2,"minecraft:acacia_planks":16,"minecraft:torch":16,"alexsmobs:blood_sac":2},"minecraft:dropped":{"minecraft:dirt":65,"minecraft:cut_sandstone":3,"minecraft:sand":99,"minecraft:bone":1,"minecraft:stone_axe":1,"alexsmobs:animal_dictionary":2,"minecraft:wheat":2,"minecraft:rotten_flesh":57,"minecraft:oak_planks":19,"minecraft:salmon":4,"minecraft:poppy":6,"minecraft:lime_bed":1,"supplementaries:flax_seeds":1,"alexsmobs:blood_sac":5,"alexsmobs:guster_eye":3,"minecraft:chest":1,"minecraft:iron_ore":60,"minecraft:basalt":1,"minecraft:arrow":1,"minecraft:enchanted_book":1,"minecraft:iron_ingot":61,"minecraft:bread":93,"minecraft:wheat_seeds":5,"minecraft:feather":11,"minecraft:cobblestone":1,"alexsmobs:rattlesnake_rattle":2,"minecraft:granite":2,"minecraft:purple_dye":1,"minecraft:coal":29,"minecraft:diorite":5,"minecraft:torch":12,"minecraft:smooth_sandstone":18,"alexsmobs:maggot":8,"alexsmobs:acacia_blossom":1,"minecraft:cobblestone_slab":6,"alexsmobs:pocket_sand":1,"minecraft:orange_terracotta":1,"minecraft:iron_chestplate":1,"minecraft:andesite":9,"minecraft:oak_sapling":1,"minecraft:spider_eye":9,"minecraft:sandstone":1,"minecraft:bow":1,"minecraft:wooden_pickaxe":2,"minecraft:magma_cream":1,"minecraft:magma_block":1},"minecraft:custom":{"minecraft:animals_bred":4,"minecraft:interact_with_crafting_table":62,"minecraft:open_barrel":6,"minecraft:bell_ring":6,"minecraft:leave_game":22,"minecraft:time_since_death":7907,"minecraft:sprint_one_cm":455764,"minecraft:damage_blocked_by_shield":1865,"minecraft:drop":120,"minecraft:talked_to_villager":11,"minecraft:deaths":50,"minecraft:jump":5682,"minecraft:interact_with_brewingstand":4,"minecraft:walk_on_water_one_cm":74509,"minecraft:interact_with_furnace":23,"minecraft:traded_with_villager":1,"minecraft:interact_with_cartography_table":1,"minecraft:play_one_minute":373858,"minecraft:sleep_in_bed":3,"minecraft:waystone_activated":3,"minecraft:damage_dealt":45527,"minecraft:crouch_one_cm":55905,"minecraft:interact_with_smithing_table":9,"minecraft:mob_kills":243,"minecraft:climb_one_cm":162,"minecraft:walk_one_cm":570683,"minecraft:sneak_time":21336,"minecraft:walk_under_water_one_cm":38316,"minecraft:interact_with_blast_furnace":1,"minecraft:time_since_rest":7934,"minecraft:damage_taken":17843,"minecraft:trigger_trapped_chest":1,"minecraft:swim_one_cm":84067,"minecraft:fly_one_cm":2213638,"minecraft:open_chest":38,"minecraft:fall_one_cm":170241},"minecraft:used":{"alexsmobs:emu_egg":1,"minecraft:chest":4,"minecraft:shield":71,"minecraft:iron_sword":265,"minecraft:rotten_flesh":1,"comforts:sleeping_bag_purple":2,"minecraft:mutton":2,"alexsmobs:pocket_sand":96,"minecraft:lava_bucket":22,"carryon:tile_item":15,"minecraft:bow":7,"minecraft:furnace":1,"minecraft:oak_sapling":4,"minecraft:cooked_cod":4,"travelersbackpack:purple_sleeping_bag":1,"minecraft:gold_block":1,"minecraft:egg":4,"minecraft:potato":2,"minecraft:diorite":3,"minecraft:stone_pickaxe":262,"minecraft:cactus":1,"minecraft:wooden_pickaxe":24,"minecraft:sandstone":1,"minecraft:sand":78,"minecraft:acacia_leaves":1,"minecraft:bread":84,"minecraft:string":7,"minecraft:gravel":2,"minecraft:smithing_table":3,"minecraft:andesite":3,"minecraft:bone_meal":1,"minecraft:cobweb":1,"minecraft:stone_sword":266,"minecraft:flint_and_steel":1,"minecraft:dead_bush":1,"minecraft:cooked_salmon":1,"minecraft:stone_hoe":104,"minecraft:torch":33,"minecraft:dirt":18,"alexsmobs:maggot":11,"minecraft:iron_axe":37,"minecraft:light_weighted_pressure_plate":1,"minecraft:smooth_sandstone":8,"carryon:entity_item":10,"minecraft:basalt":11,"minecraft:beef":6,"alexsmobs:banana":1,"minecraft:wheat_seeds":41,"minecraft:water_bucket":124,"minecraft:cut_sandstone":3,"minecraft:cobblestone_slab":5,"minecraft:salmon":7,"minecraft:crafting_table":13,"minecraft:lime_bed":1,"minecraft:flower_pot":1,"minecraft:iron_pickaxe":176,"minecraft:stone_axe":190,"comforts:rope_and_nail":11,"minecraft:cobblestone":53,"travelersbackpack:standard":20,"minecraft:porkchop":10,"minecraft:bucket":158,"alexsmobs:animal_dictionary":29},"minecraft:killed_by":{"minecraft:creeper":1,"alexsmobs:straddler":7,"minecraft:magma_cube":7,"alexsmobs:tasmanian_devil":1,"minecraft:zombie":4,"alexsmobs:grizzly_bear":6,"minecraft:husk":5,"minecraft:enderman":3,"minecraft:iron_golem":6,"alexsmobs:guster":4,"alexsmobs:tarantula_hawk":2}},"DataVersion":2586}