{"stats":{"minecraft:custom":{"minecraft:interact_with_smithing_table":4,"minecraft:mob_kills":159,"minecraft:animals_bred":4,"minecraft:interact_with_crafting_table":45,"minecraft:open_barrel":6,"minecraft:bell_ring":6,"minecraft:leave_game":18,"minecraft:time_since_death":8778,"minecraft:climb_one_cm":162,"minecraft:sprint_one_cm":293837,"minecraft:walk_one_cm":347794,"minecraft:damage_blocked_by_shield":365,"minecraft:drop":85,"minecraft:talked_to_villager":9,"minecraft:deaths":26,"minecraft:sneak_time":13688,"minecraft:walk_under_water_one_cm":25855,"minecraft:interact_with_brewingstand":4,"minecraft:jump":3704,"minecraft:interact_with_blast_furnace":1,"minecraft:walk_on_water_one_cm":27840,"minecraft:interact_with_furnace":23,"minecraft:play_one_minute":231420,"minecraft:sleep_in_bed":2,"minecraft:time_since_rest":8807,"minecraft:waystone_activated":2,"minecraft:damage_taken":10156,"minecraft:damage_dealt":28650,"minecraft:swim_one_cm":26509,"minecraft:fly_one_cm":1472474,"minecraft:open_chest":27,"minecraft:crouch_one_cm":31090,"minecraft:fall_one_cm":114337},"minecraft:killed":{"alexsmobs:lobster":1,"alexsmobs:tarantula_hawk":2,"alexsmobs:raccoon":9,"minecraft:spider":14,"alexsmobs:tasmanian_devil":4,"alexsmobs:rattlesnake":5,"minecraft:skeleton":4,"minecraft:husk":14,"alexsmobs:guster":22,"minecraft:pig":4,"alexsmobs:grizzly_bear":2,"minecraft:salmon":2,"minecraft:iron_golem":7,"minecraft:creeper":4,"minecraft:sheep":3,"minecraft:zombie":17,"alexsmobs:gazelle":1,"alexsmobs:roadrunner":11,"alexsmobs:fly":14,"alexsmobs:crow":6,"minecraft:enderman":3,"minecraft:cow":2},"minecraft:mined":{"comforts:rope_and_nail":8,"minecraft:brewing_stand":2,"minecraft:grass_block":4,"minecraft:hay_block":102,"minecraft:magma_block":1,"minecraft:furnace":1,"minecraft:iron_ore":164,"minecraft:andesite":2,"minecraft:gold_block":2,"minecraft:bookshelf":9,"supplementaries:stick":21,"minecraft:cobblestone_slab":4,"minecraft:stone":95,"minecraft:tripwire":3,"minecraft:smithing_table":2,"comforts:sleeping_bag_purple":1,"minecraft:orange_terracotta":1,"minecraft:smooth_sandstone":14,"minecraft:crafting_table":9,"minecraft:cornflower":1,"minecraft:torch":8,"minecraft:poppy":1,"minecraft:chest":3,"minecraft:dead_bush":18,"minecraft:lectern":1,"minecraft:tall_grass":3,"minecraft:cobblestone":11,"minecraft:sugar_cane":9,"minecraft:diorite":3,"minecraft:wall_torch":5,"minecraft:cobblestone_wall":1,"minecraft:wheat":4,"minecraft:grass":18,"minecraft:oak_log":11,"minecraft:coal_ore":28,"minecraft:sand":53,"minecraft:flower_pot":1,"minecraft:gravel":1,"minecraft:dirt":7,"travelersbackpack:purple_sleeping_bag":1,"minecraft:oak_leaves":11},"minecraft:broken":{"minecraft:stone_sword":2,"minecraft:stone_hoe":1,"minecraft:stone_pickaxe":2,"minecraft:stone_axe":2},"minecraft:crafted":{"minecraft:purple_wool":2,"minecraft:oak_planks":44,"minecraft:cobblestone_slab":6,"comforts:sleeping_bag_white":1,"minecraft:furnace":1,"travelersbackpack:blank_upgrade":4,"alexsmobs:pocket_sand":1,"minecraft:glass":12,"minecraft:iron_boots":1,"travelersbackpack:purple_sleeping_bag":1,"minecraft:iron_axe":1,"minecraft:stone_pickaxe":2,"minecraft:chest":1,"minecraft:stone_hoe":2,"minecraft:wheat":949,"minecraft:red_dye":1,"minecraft:cooked_cod":4,"travelersbackpack:iron_tier_upgrade":1,"minecraft:crafting_table":1,"minecraft:iron_helmet":1,"travelersbackpack:backpack_tank":2,"travelersbackpack:standard":1,"minecraft:wooden_pickaxe":1,"minecraft:iron_sword":1,"minecraft:cooked_salmon":8,"minecraft:bucket":1,"minecraft:stone_axe":3,"comforts:sleeping_bag_purple":1,"minecraft:bread":325,"minecraft:air":0,"minecraft:blue_dye":1,"minecraft:white_wool":3,"minecraft:iron_chestplate":1,"minecraft:paper":21,"minecraft:purple_dye":2,"minecraft:shield":1,"minecraft:stick":8,"comforts:rope_and_nail":2,"minecraft:iron_ingot":120,"minecraft:iron_pickaxe":1,"minecraft:stone_sword":2,"minecraft:iron_leggings":1,"minecraft:gold_ingot":9,"minecraft:sandstone":1,"minecraft:torch":16},"minecraft:picked_up":{"minecraft:crafting_table":9,"minecraft:wheat":8,"minecraft:flower_pot":1,"minecraft:smithing_table":2,"minecraft:wooden_pickaxe":1,"alexsmobs:roadrunner_feather":4,"minecraft:gold_block":2,"minecraft:enchanted_book":1,"minecraft:brewing_stand":2,"minecraft:cornflower":1,"minecraft:string":25,"minecraft:bucket":1,"minecraft:beef":6,"comforts:sleeping_bag_purple":1,"minecraft:cobblestone_slab":5,"minecraft:poppy":7,"minecraft:lectern":1,"minecraft:sugar_cane":23,"minecraft:chest":3,"minecraft:furnace":1,"minecraft:egg":1,"alexsmobs:pocket_sand":1,"minecraft:stick":57,"minecraft:sandstone":1,"minecraft:torch":25,"minecraft:porkchop":10,"minecraft:diorite":3,"minecraft:arrow":6,"minecraft:rotten_flesh":46,"minecraft:hay_block":106,"minecraft:gold_ingot":1,"minecraft:mutton":2,"minecraft:white_wool":3,"minecraft:cobblestone":162,"minecraft:magma_block":1,"minecraft:feather":10,"minecraft:water_bucket":1,"minecraft:andesite":11,"minecraft:salmon":6,"minecraft:leather":3,"minecraft:cut_sandstone":6,"alexsmobs:bear_fur":2,"minecraft:oak_log":11,"minecraft:gunpowder":9,"minecraft:dirt":11,"minecraft:orange_terracotta":1,"comforts:rope_and_nail":8,"minecraft:smooth_sandstone":26,"minecraft:bone":15,"minecraft:bow":1,"minecraft:wheat_seeds":10,"minecraft:iron_ingot":90,"minecraft:iron_ore":224,"minecraft:book":27,"minecraft:gravel":1,"minecraft:sand":118,"travelersbackpack:purple_sleeping_bag":1,"minecraft:spider_eye":9,"alexsmobs:animal_dictionary":2,"alexsmobs:guster_eye":8,"alexsmobs:rattlesnake_rattle":2,"minecraft:granite":2,"alexsmobs:maggot":16,"minecraft:oak_sapling":5,"minecraft:coal":61,"minecraft:ender_pearl":1},"minecraft:used":{"minecraft:stone_sword":266,"minecraft:flint_and_steel":1,"minecraft:dead_bush":1,"minecraft:chest":2,"minecraft:shield":9,"minecraft:cooked_salmon":1,"minecraft:stone_hoe":104,"minecraft:rotten_flesh":1,"comforts:sleeping_bag_purple":1,"minecraft:torch":22,"minecraft:dirt":11,"alexsmobs:pocket_sand":96,"alexsmobs:maggot":10,"minecraft:lava_bucket":18,"minecraft:light_weighted_pressure_plate":1,"minecraft:smooth_sandstone":8,"carryon:tile_item":8,"minecraft:bow":7,"minecraft:beef":6,"minecraft:cooked_cod":4,"minecraft:oak_sapling":4,"minecraft:furnace":1,"travelersbackpack:purple_sleeping_bag":1,"minecraft:gold_block":1,"minecraft:egg":1,"minecraft:wheat_seeds":3,"minecraft:water_bucket":68,"minecraft:diorite":3,"minecraft:stone_pickaxe":262,"minecraft:cactus":1,"minecraft:wooden_pickaxe":24,"minecraft:sandstone":1,"minecraft:cut_sandstone":3,"minecraft:cobblestone_slab":5,"minecraft:salmon":7,"minecraft:sand":35,"minecraft:crafting_table":9,"minecraft:flower_pot":1,"minecraft:iron_pickaxe":45,"minecraft:string":3,"minecraft:bread":52,"minecraft:gravel":1,"minecraft:stone_axe":190,"comforts:rope_and_nail":8,"minecraft:cobblestone":15,"travelersbackpack:standard":5,"minecraft:porkchop":10,"minecraft:andesite":2,"minecraft:smithing_table":1,"minecraft:bucket":93,"alexsmobs:animal_dictionary":18},"minecraft:dropped":{"minecraft:enchanted_book":1,"minecraft:iron_ingot":61,"minecraft:bread":93,"minecraft:wheat_seeds":5,"minecraft:feather":10,"alexsmobs:rattlesnake_rattle":2,"minecraft:granite":2,"minecraft:purple_dye":1,"minecraft:coal":29,"minecraft:torch":3,"minecraft:cut_sandstone":3,"minecraft:sand":64,"minecraft:smooth_sandstone":18,"minecraft:stone_axe":1,"alexsmobs:maggot":6,"alexsmobs:animal_dictionary":2,"minecraft:wheat":2,"minecraft:rotten_flesh":45,"minecraft:oak_planks":19,"minecraft:salmon":4,"minecraft:poppy":6,"minecraft:cobblestone_slab":6,"alexsmobs:pocket_sand":1,"minecraft:orange_terracotta":1,"minecraft:andesite":9,"minecraft:oak_sapling":1,"minecraft:spider_eye":9,"minecraft:sandstone":1,"minecraft:iron_ore":60,"minecraft:bow":1,"minecraft:wooden_pickaxe":2,"minecraft:magma_block":1},"minecraft:killed_by":{"minecraft:husk":2,"minecraft:creeper":1,"minecraft:enderman":1,"minecraft:iron_golem":6,"alexsmobs:guster":3,"alexsmobs:tasmanian_devil":1,"minecraft:zombie":3,"alexsmobs:tarantula_hawk":2,"alexsmobs:grizzly_bear":6}},"DataVersion":2586}