{"stats":{"minecraft:used":{"minecraft:stone_sword":186,"minecraft:dead_bush":1,"minecraft:chest":2,"minecraft:shield":1,"minecraft:stone_hoe":104,"minecraft:rotten_flesh":1,"minecraft:torch":12,"minecraft:dirt":11,"alexsmobs:maggot":10,"minecraft:smooth_sandstone":6,"carryon:tile_item":8,"minecraft:bow":7,"minecraft:beef":6,"minecraft:oak_sapling":4,"minecraft:furnace":1,"minecraft:egg":1,"minecraft:wheat_seeds":3,"minecraft:diorite":1,"minecraft:stone_pickaxe":133,"minecraft:cactus":1,"minecraft:wooden_pickaxe":24,"minecraft:sandstone":1,"minecraft:cut_sandstone":3,"minecraft:cobblestone_slab":5,"minecraft:salmon":2,"minecraft:sand":30,"minecraft:crafting_table":9,"minecraft:flower_pot":1,"minecraft:bread":35,"minecraft:stone_axe":152,"minecraft:cobblestone":8,"minecraft:porkchop":10,"alexsmobs:animal_dictionary":14},"minecraft:custom":{"minecraft:interact_with_smithing_table":1,"minecraft:mob_kills":131,"minecraft:animals_bred":4,"minecraft:interact_with_crafting_table":29,"minecraft:open_barrel":3,"minecraft:bell_ring":2,"minecraft:leave_game":14,"minecraft:time_since_death":8714,"minecraft:sprint_one_cm":229745,"minecraft:walk_one_cm":248962,"minecraft:damage_blocked_by_shield":25,"minecraft:drop":70,"minecraft:talked_to_villager":8,"minecraft:deaths":22,"minecraft:sneak_time":9459,"minecraft:walk_under_water_one_cm":5240,"minecraft:jump":2678,"minecraft:interact_with_brewingstand":1,"minecraft:interact_with_blast_furnace":1,"minecraft:walk_on_water_one_cm":10412,"minecraft:interact_with_furnace":5,"minecraft:play_one_minute":158443,"minecraft:sleep_in_bed":1,"minecraft:time_since_rest":8740,"minecraft:waystone_activated":2,"minecraft:damage_taken":7908,"minecraft:damage_dealt":22419,"minecraft:swim_one_cm":23836,"minecraft:fly_one_cm":1115636,"minecraft:open_chest":22,"minecraft:crouch_one_cm":21912,"minecraft:fall_one_cm":78953},"minecraft:mined":{"minecraft:grass_block":4,"minecraft:hay_block":102,"minecraft:iron_ore":58,"minecraft:bookshelf":9,"supplementaries:stick":21,"minecraft:cobblestone_slab":4,"minecraft:stone":53,"minecraft:orange_terracotta":1,"minecraft:smooth_sandstone":6,"minecraft:crafting_table":8,"minecraft:cornflower":1,"minecraft:torch":8,"minecraft:poppy":1,"minecraft:chest":2,"minecraft:dead_bush":14,"minecraft:lectern":1,"minecraft:tall_grass":3,"minecraft:cobblestone":3,"minecraft:sugar_cane":9,"minecraft:diorite":1,"minecraft:wall_torch":4,"minecraft:cobblestone_wall":1,"minecraft:wheat":4,"minecraft:grass":18,"minecraft:oak_log":11,"minecraft:coal_ore":28,"minecraft:flower_pot":1,"minecraft:sand":17,"minecraft:dirt":7,"minecraft:oak_leaves":11},"minecraft:broken":{"minecraft:stone_sword":1,"minecraft:stone_hoe":1,"minecraft:stone_pickaxe":1,"minecraft:stone_axe":2},"minecraft:picked_up":{"minecraft:crafting_table":8,"minecraft:wheat":8,"minecraft:flower_pot":1,"minecraft:wooden_pickaxe":1,"alexsmobs:roadrunner_feather":3,"minecraft:enchanted_book":1,"minecraft:cornflower":1,"minecraft:string":22,"minecraft:beef":6,"minecraft:cobblestone_slab":5,"minecraft:poppy":3,"minecraft:lectern":1,"minecraft:sugar_cane":23,"minecraft:chest":2,"minecraft:egg":1,"minecraft:stick":52,"minecraft:sandstone":1,"minecraft:torch":15,"minecraft:porkchop":10,"minecraft:diorite":1,"minecraft:arrow":6,"minecraft:rotten_flesh":45,"minecraft:hay_block":106,"minecraft:mutton":2,"minecraft:white_wool":3,"minecraft:cobblestone":111,"minecraft:feather":10,"minecraft:andesite":9,"minecraft:salmon":2,"minecraft:cut_sandstone":6,"minecraft:leather":3,"alexsmobs:bear_fur":2,"minecraft:oak_log":11,"minecraft:gunpowder":9,"minecraft:dirt":11,"minecraft:orange_terracotta":1,"minecraft:smooth_sandstone":14,"minecraft:bone":13,"minecraft:bow":1,"minecraft:wheat_seeds":10,"minecraft:iron_ingot":15,"minecraft:iron_ore":118,"minecraft:book":27,"minecraft:sand":81,"alexsmobs:animal_dictionary":2,"minecraft:spider_eye":9,"alexsmobs:guster_eye":6,"alexsmobs:rattlesnake_rattle":1,"minecraft:granite":2,"alexsmobs:maggot":16,"minecraft:oak_sapling":5,"minecraft:coal":61,"minecraft:ender_pearl":1},"minecraft:dropped":{"minecraft:enchanted_book":1,"minecraft:bread":93,"minecraft:wheat_seeds":5,"minecraft:feather":10,"alexsmobs:rattlesnake_rattle":1,"minecraft:granite":2,"minecraft:purple_dye":1,"minecraft:coal":29,"minecraft:torch":3,"minecraft:cut_sandstone":3,"minecraft:sand":44,"minecraft:smooth_sandstone":8,"alexsmobs:maggot":6,"alexsmobs:animal_dictionary":2,"minecraft:wheat":2,"minecraft:rotten_flesh":44,"minecraft:oak_planks":19,"minecraft:poppy":2,"minecraft:cobblestone_slab":6,"minecraft:orange_terracotta":1,"minecraft:andesite":9,"minecraft:oak_sapling":1,"minecraft:spider_eye":9,"minecraft:sandstone":1,"minecraft:iron_ore":60,"minecraft:bow":1,"minecraft:wooden_pickaxe":2},"minecraft:killed":{"alexsmobs:lobster":1,"alexsmobs:tarantula_hawk":1,"alexsmobs:raccoon":8,"minecraft:spider":12,"alexsmobs:tasmanian_devil":4,"alexsmobs:rattlesnake":2,"minecraft:skeleton":3,"minecraft:husk":14,"alexsmobs:guster":18,"minecraft:pig":4,"alexsmobs:grizzly_bear":2,"minecraft:salmon":2,"minecraft:iron_golem":4,"minecraft:creeper":4,"minecraft:sheep":3,"minecraft:zombie":14,"alexsmobs:gazelle":1,"alexsmobs:roadrunner":8,"alexsmobs:fly":13,"alexsmobs:crow":6,"minecraft:enderman":1,"minecraft:cow":2},"minecraft:killed_by":{"minecraft:husk":1,"minecraft:creeper":1,"minecraft:enderman":1,"minecraft:iron_golem":4,"alexsmobs:guster":2,"alexsmobs:tasmanian_devil":1,"minecraft:zombie":3,"alexsmobs:tarantula_hawk":2,"alexsmobs:grizzly_bear":6},"minecraft:crafted":{"minecraft:oak_planks":44,"minecraft:cobblestone_slab":6,"minecraft:furnace":1,"minecraft:stone_pickaxe":2,"minecraft:chest":1,"minecraft:stone_hoe":2,"minecraft:wheat":949,"minecraft:red_dye":1,"minecraft:crafting_table":1,"minecraft:wooden_pickaxe":1,"minecraft:stone_axe":3,"minecraft:bread":323,"minecraft:blue_dye":1,"minecraft:purple_dye":2,"minecraft:shield":1,"minecraft:stick":8,"minecraft:iron_pickaxe":1,"minecraft:stone_sword":2,"minecraft:sandstone":1,"minecraft:torch":16}},"DataVersion":2586}