{"stats":{"minecraft:mined":{"comforts:rope_and_nail":13,"minecraft:brewing_stand":2,"minecraft:granite":5,"minecraft:acacia_log":4,"minecraft:grass_block":58,"minecraft:magma_block":3,"minecraft:iron_ore":368,"minecraft:fire":3,"supplementaries:stick":21,"minecraft:tripwire":4,"minecraft:kelp_plant":1,"minecraft:orange_terracotta":1,"minecraft:torch":22,"minecraft:poppy":1,"minecraft:chest":4,"minecraft:dead_bush":20,"supplementaries:wild_flax":1,"minecraft:cobblestone":22,"minecraft:oak_planks":1,"minecraft:grindstone":1,"minecraft:sugar_cane":18,"minecraft:wall_torch":9,"minecraft:seagrass":1,"minecraft:wheat":6,"minecraft:grass":232,"minecraft:oak_log":33,"minecraft:sand":269,"minecraft:dirt":15,"minecraft:netherrack":25,"travelersbackpack:purple_sleeping_bag":1,"minecraft:oak_leaves":40,"minecraft:nether_gold_ore":1,"minecraft:diamond_ore":9,"minecraft:crying_obsidian":2,"minecraft:sea_lantern":2,"minecraft:nether_bricks":57,"minecraft:sandstone":6,"minecraft:hay_block":122,"supplementaries:rope":4,"minecraft:redstone_ore":14,"minecraft:furnace":1,"minecraft:andesite":4,"minecraft:gold_block":4,"minecraft:bookshelf":9,"minecraft:cobblestone_slab":4,"minecraft:rail":2,"minecraft:stone":261,"minecraft:smithing_table":4,"comforts:sleeping_bag_purple":4,"minecraft:basalt":15,"travelersbackpack:standard":2,"minecraft:smooth_sandstone":14,"minecraft:crafting_table":16,"minecraft:cornflower":1,"minecraft:lectern":1,"minecraft:tall_grass":31,"minecraft:lapis_ore":6,"minecraft:diorite":8,"minecraft:lime_bed":2,"minecraft:cobblestone_wall":1,"minecraft:coal_ore":48,"minecraft:flower_pot":1,"minecraft:gravel":31,"minecraft:cobweb":1,"minecraft:terracotta":1,"minecraft:mossy_stone_bricks":1,"minecraft:gold_ore":26},"minecraft:broken":{"minecraft:iron_boots":2,"minecraft:iron_chestplate":1,"minecraft:iron_leggings":2,"minecraft:stone_pickaxe":2,"minecraft:stone_axe":2,"minecraft:iron_sword":1,"minecraft:stone_sword":2,"minecraft:stone_hoe":1,"minecraft:shield":1,"minecraft:iron_pickaxe":2,"minecraft:iron_helmet":2},"minecraft:killed":{"alexsmobs:lobster":1,"minecraft:spider":20,"minecraft:skeleton":23,"alexsmobs:straddler":10,"alexsmobs:kangaroo":8,"minecraft:magma_cube":10,"minecraft:pig":4,"alexsmobs:grizzly_bear":2,"minecraft:salmon":2,"minecraft:iron_golem":7,"minecraft:creeper":5,"minecraft:sheep":3,"minecraft:trader_llama":1,"minecraft:zombie":43,"alexsmobs:roadrunner":11,"alexsmobs:fly":14,"minecraft:cow":2,"alexsmobs:tarantula_hawk":3,"alexsmobs:raccoon":10,"alexsmobs:tasmanian_devil":4,"alexsmobs:rattlesnake":5,"mowziesmobs:ferrous_wroughtnaut":1,"minecraft:drowned":2,"minecraft:husk":16,"alexsmobs:guster":30,"minecraft:wandering_trader":1,"alexsmobs:emu":3,"alexsmobs:gazelle":3,"alexsmobs:crow":6,"minecraft:enderman":4},"minecraft:picked_up":{"minecraft:wheat":8,"minecraft:flower_pot":1,"minecraft:smithing_table":4,"minecraft:lead":2,"minecraft:enchanted_book":1,"minecraft:brewing_stand":4,"minecraft:string":34,"minecraft:activator_rail":4,"alexsmobs:blood_sac":7,"minecraft:gold_nugget":11,"alexsmobs:banana":1,"minecraft:bucket":1,"comforts:sleeping_bag_purple":8,"minecraft:cobblestone_slab":5,"minecraft:furnace":1,"minecraft:stick":65,"minecraft:oak_fence":2,"minecraft:torch":67,"minecraft:acacia_log":4,"minecraft:porkchop":10,"minecraft:diorite":8,"minecraft:rotten_flesh":63,"alexsmobs:emu_egg":1,"minecraft:cod":8,"minecraft:cobblestone":357,"minecraft:magma_block":2,"minecraft:feather":11,"minecraft:magma_cream":1,"minecraft:water_bucket":1,"minecraft:andesite":13,"minecraft:acacia_leaves":1,"minecraft:potato":1,"alexsmobs:bear_fur":4,"minecraft:flint":6,"supplementaries:flax_seeds":1,"alexsmobs:mosquito_larva":2,"minecraft:lapis_lazuli":44,"minecraft:dirt":90,"minecraft:bone":42,"minecraft:bow":4,"minecraft:wheat_seeds":48,"minecraft:grindstone":2,"minecraft:mossy_stone_bricks":1,"alexsmobs:blobfish":1,"minecraft:oak_planks":4,"minecraft:sand":390,"alexsmobs:animal_dictionary":2,"alexsmobs:kangaroo_hide":10,"alexsmobs:guster_eye":11,"minecraft:diamond":9,"alexsmobs:rattlesnake_rattle":2,"minecraft:granite":13,"alexsmobs:tarantula_hawk_wing_fragment":1,"minecraft:bone_meal":1,"minecraft:bread":85,"alexsmobs:maggot":19,"minecraft:oak_sapling":12,"minecraft:netherrack":11,"minecraft:crafting_table":16,"minecraft:wooden_pickaxe":1,"alexsmobs:roadrunner_feather":4,"minecraft:gold_block":4,"minecraft:shield":1,"minecraft:cornflower":1,"minecraft:flint_and_steel":1,"minecraft:beef":6,"minecraft:oak_boat":4,"supplementaries:rope":5,"minecraft:poppy":7,"minecraft:minecart":1,"minecraft:lectern":1,"minecraft:sugar_cane":44,"minecraft:chest":6,"minecraft:egg":4,"alexsmobs:pocket_sand":1,"minecraft:sandstone":10,"alexsmobs:straddlite":2,"supplementaries:key":1,"minecraft:redstone":60,"minecraft:prismarine_crystals":5,"minecraft:arrow":19,"minecraft:beetroot_seeds":1,"minecraft:nether_bricks":57,"minecraft:hay_block":128,"minecraft:gold_ingot":4,"minecraft:mutton":4,"minecraft:rail":3,"alexsmobs:kangaroo_meat":9,"minecraft:white_wool":3,"minecraft:lime_bed":2,"minecraft:basalt":26,"minecraft:salmon":10,"minecraft:cut_sandstone":6,"minecraft:leather":7,"alexsmobs:acacia_blossom":1,"alexsmobs:cachalot_whale_tooth":1,"supplementaries:rope_arrow":1,"minecraft:oak_log":33,"minecraft:gunpowder":16,"mowziesmobs:wrought_axe":1,"minecraft:paper":26,"minecraft:orange_terracotta":1,"comforts:rope_and_nail":15,"minecraft:smooth_sandstone":26,"minecraft:apple":2,"minecraft:kelp":5,"minecraft:iron_ingot":149,"minecraft:cobweb":1,"minecraft:iron_ore":472,"travelersbackpack:blank_upgrade":2,"minecraft:book":54,"minecraft:dandelion":2,"minecraft:gravel":29,"mowziesmobs:wrought_helmet":1,"minecraft:gold_ore":26,"minecraft:crying_obsidian":2,"travelersbackpack:purple_sleeping_bag":1,"minecraft:spider_eye":9,"travelersbackpack:standard":2,"minecraft:terracotta":1,"minecraft:coal":90,"minecraft:ender_pearl":3},"minecraft:crafted":{"minecraft:oak_planks":52,"minecraft:cobblestone_slab":6,"minecraft:glass":12,"minecraft:bow":1,"minecraft:iron_boots":2,"travelersbackpack:purple_sleeping_bag":1,"minecraft:chest":1,"minecraft:stone_hoe":2,"supplementaries:rope_arrow":9,"travelersbackpack:iron_tier_upgrade":1,"minecraft:crafting_table":1,"supplementaries:key":1,"minecraft:iron_helmet":2,"minecraft:wooden_pickaxe":1,"travelersbackpack:standard":1,"minecraft:diamond_pickaxe":1,"minecraft:iron_chestplate":2,"minecraft:paper":21,"minecraft:purple_dye":2,"minecraft:shield":2,"minecraft:stick":36,"comforts:rope_and_nail":2,"minecraft:iron_ingot":122,"minecraft:iron_pickaxe":3,"minecraft:stone_sword":2,"minecraft:gold_ingot":27,"minecraft:sandstone":1,"minecraft:purple_wool":2,"comforts:sleeping_bag_white":1,"minecraft:furnace":1,"travelersbackpack:blank_upgrade":4,"travelersbackpack:gold_tier_upgrade":1,"alexsmobs:pocket_sand":1,"minecraft:iron_axe":1,"minecraft:stone_pickaxe":2,"minecraft:wheat":1147,"minecraft:red_dye":1,"minecraft:cooked_cod":4,"travelersbackpack:backpack_tank":2,"minecraft:iron_sword":2,"minecraft:cooked_salmon":8,"minecraft:bucket":1,"minecraft:stone_axe":3,"comforts:sleeping_bag_purple":1,"minecraft:bread":394,"minecraft:air":0,"minecraft:blue_dye":1,"minecraft:oak_boat":1,"minecraft:white_wool":3,"minecraft:gold_nugget":9,"minecraft:iron_leggings":2,"minecraft:acacia_planks":16,"minecraft:torch":132,"alexsmobs:blood_sac":2},"minecraft:dropped":{"minecraft:cod":8,"minecraft:flint":6,"minecraft:dirt":65,"minecraft:cut_sandstone":3,"minecraft:gold_nugget":11,"minecraft:sand":99,"minecraft:bone":2,"minecraft:gravel":27,"minecraft:stone_axe":1,"alexsmobs:animal_dictionary":2,"minecraft:wheat":3,"minecraft:rotten_flesh":61,"minecraft:oak_planks":20,"minecraft:salmon":4,"minecraft:poppy":6,"minecraft:lime_bed":1,"supplementaries:flax_seeds":1,"alexsmobs:blood_sac":5,"minecraft:beetroot_seeds":1,"alexsmobs:guster_eye":3,"minecraft:chest":2,"minecraft:iron_ore":60,"minecraft:basalt":1,"minecraft:arrow":1,"minecraft:crying_obsidian":1,"minecraft:netherrack":10,"minecraft:enchanted_book":1,"minecraft:iron_ingot":61,"minecraft:bread":93,"minecraft:wheat_seeds":5,"minecraft:minecart":1,"minecraft:feather":11,"minecraft:cobblestone":1,"alexsmobs:rattlesnake_rattle":2,"minecraft:apple":1,"minecraft:granite":7,"minecraft:activator_rail":4,"minecraft:purple_dye":1,"minecraft:coal":31,"minecraft:diorite":5,"minecraft:torch":12,"minecraft:string":2,"minecraft:smooth_sandstone":18,"minecraft:redstone":3,"minecraft:kelp":5,"alexsmobs:maggot":8,"alexsmobs:acacia_blossom":1,"minecraft:filled_map":1,"minecraft:cobblestone_slab":6,"alexsmobs:pocket_sand":1,"minecraft:orange_terracotta":1,"minecraft:iron_chestplate":1,"minecraft:andesite":9,"minecraft:mossy_stone_bricks":1,"minecraft:oak_sapling":2,"minecraft:spider_eye":9,"minecraft:sandstone":10,"minecraft:bow":2,"minecraft:wooden_pickaxe":2,"minecraft:magma_cream":1,"minecraft:magma_block":2},"minecraft:custom":{"minecraft:animals_bred":4,"minecraft:interact_with_crafting_table":72,"minecraft:open_barrel":6,"minecraft:bell_ring":6,"minecraft:leave_game":22,"minecraft:time_since_death":4426,"minecraft:sprint_one_cm":622181,"minecraft:damage_blocked_by_shield":2358,"minecraft:drop":165,"minecraft:talked_to_villager":11,"minecraft:deaths":77,"minecraft:jump":7195,"minecraft:interact_with_brewingstand":4,"minecraft:walk_on_water_one_cm":114384,"minecraft:interact_with_furnace":27,"minecraft:traded_with_villager":1,"minecraft:interact_with_cartography_table":1,"minecraft:play_one_minute":523858,"minecraft:sleep_in_bed":7,"minecraft:waystone_activated":3,"minecraft:damage_dealt":51371,"minecraft:player_kills":1,"minecraft:crouch_one_cm":86013,"minecraft:interact_with_smoker":3,"minecraft:interact_with_smithing_table":10,"minecraft:mob_kills":269,"minecraft:inspect_hopper":2,"minecraft:climb_one_cm":982,"minecraft:walk_one_cm":740610,"minecraft:sneak_time":34424,"minecraft:walk_under_water_one_cm":119755,"minecraft:boat_one_cm":30484,"minecraft:interact_with_blast_furnace":4,"minecraft:time_since_rest":4453,"minecraft:damage_taken":26160,"minecraft:trigger_trapped_chest":2,"minecraft:swim_one_cm":219797,"minecraft:fly_one_cm":2533544,"minecraft:open_chest":66,"minecraft:fall_one_cm":196696},"minecraft:used":{"alexsmobs:emu_egg":1,"minecraft:chest":4,"minecraft:shield":85,"minecraft:iron_sword":354,"minecraft:rotten_flesh":2,"comforts:sleeping_bag_purple":8,"minecraft:mutton":2,"alexsmobs:pocket_sand":96,"minecraft:nether_bricks":49,"minecraft:lava_bucket":29,"carryon:tile_item":23,"minecraft:bow":17,"minecraft:furnace":1,"minecraft:oak_sapling":10,"minecraft:cooked_cod":5,"travelersbackpack:purple_sleeping_bag":1,"minecraft:gold_block":1,"minecraft:egg":4,"minecraft:potato":2,"minecraft:diorite":3,"minecraft:stone_pickaxe":262,"minecraft:oak_planks":1,"minecraft:cactus":1,"minecraft:wooden_pickaxe":24,"minecraft:sandstone":1,"minecraft:sand":82,"minecraft:acacia_leaves":1,"minecraft:crying_obsidian":1,"minecraft:bread":102,"minecraft:string":8,"minecraft:gravel":2,"minecraft:smithing_table":3,"minecraft:andesite":4,"minecraft:oak_boat":4,"minecraft:bone_meal":1,"minecraft:cobweb":1,"minecraft:oak_fence":2,"minecraft:stone_sword":266,"minecraft:flint_and_steel":3,"minecraft:dead_bush":1,"minecraft:cooked_salmon":3,"minecraft:stone_hoe":104,"minecraft:netherrack":1,"minecraft:torch":117,"minecraft:dirt":25,"minecraft:granite":6,"alexsmobs:maggot":11,"minecraft:iron_axe":73,"minecraft:light_weighted_pressure_plate":1,"minecraft:smooth_sandstone":8,"carryon:entity_item":10,"minecraft:basalt":25,"minecraft:beef":6,"alexsmobs:banana":1,"alexsmobs:blobfish":1,"minecraft:wheat_seeds":41,"minecraft:water_bucket":186,"minecraft:cut_sandstone":3,"minecraft:cobblestone_slab":5,"minecraft:salmon":7,"minecraft:rail":3,"minecraft:terracotta":1,"minecraft:crafting_table":17,"minecraft:lime_bed":1,"supplementaries:bomb":1,"mowziesmobs:wrought_axe":4,"minecraft:oak_log":2,"minecraft:flower_pot":1,"minecraft:diamond_pickaxe":2,"minecraft:apple":1,"minecraft:iron_pickaxe":503,"minecraft:stone_axe":190,"comforts:rope_and_nail":13,"minecraft:fishing_rod":12,"minecraft:cobblestone":80,"travelersbackpack:standard":24,"minecraft:porkchop":10,"minecraft:bucket":227,"alexsmobs:animal_dictionary":32,"minecraft:dandelion":2},"minecraft:killed_by":{"minecraft:creeper":4,"alexsmobs:straddler":7,"minecraft:magma_cube":7,"alexsmobs:cachalot_whale":1,"alexsmobs:tasmanian_devil":1,"minecraft:zombie":6,"alexsmobs:grizzly_bear":6,"minecraft:husk":5,"minecraft:player":1,"minecraft:enderman":3,"minecraft:iron_golem":7,"mowziesmobs:ferrous_wroughtnaut":12,"alexsmobs:guster":4,"minecraft:skeleton":2,"alexsmobs:tarantula_hawk":2}},"DataVersion":2586}